Workbook

Sheet Score Sheet
A1: Column1 | B1: Column2 | C1: Column3 | D1: Column4 | E1: Column6 | F1: Column8 | G1: Column9 | H1: Column11 | I1: Column12 | J1: Column13
A2: Student Name | B2: School Name | C2: Grade | D2: September Score (%) | E2: August Score (%) | F2: September Attendance (%) | G2: Support Type | H2: Score Change (Percentage Points) | I2: Benchmark Status | J2: Growth Category
A3: Student 1 | B3: SCHOOL A | C3: 4 | D3: 90 | E3: 50 | F3: 1 | G3: IEP | H3: =D3-E3 -> 40 | I3: =IF(D3>=70,"Met","Below") -> Met | J3: =IF(H3>=10,"HIGH GROWTH",IF(H3>=5,"MODERATE GROWTH",IF(H3>=0,"LOW GROWTH","DECLINE"))) -> HIGH GROWTH
A4: Student 2 | B4: SCHOOL B | C4: 4 | D4: 70 | E4: 70 | F4: 1 | G4: IEP | H4: =D4-E4 -> 0 | I4: =IF(D4>=70,"Met","Below") -> Met | J4: =IF(H4>=10,"HIGH GROWTH",IF(H4>=5,"MODERATE GROWTH",IF(H4>=0,"LOW GROWTH","DECLINE"))) -> LOW GROWTH
A5: Student 3 | B5: SCHOOL A | C5: 4 | D5: 60 | E5: 60 | F5: 1 | G5: Text to Speech | H5: =D5-E5 -> 0 | I5: =IF(D5>=70,"Met","Below") -> Below | J5: =IF(H5>=10,"HIGH GROWTH",IF(H5>=5,"MODERATE GROWTH",IF(H5>=0,"LOW GROWTH","DECLINE"))) -> LOW GROWTH
A6: Student 4 | B6: SCHOOL B | C6: 4 | D6: 60 | E6: 90 | F6: 1 | G6: N/A | H6: =D6-E6 -> -30 | I6: =IF(D6>=70,"Met","Below") -> Below | J6: =IF(H6>=10,"HIGH GROWTH",IF(H6>=5,"MODERATE GROWTH",IF(H6>=0,"LOW GROWTH","DECLINE"))) -> DECLINE
A7: Student 5 | B7: SCHOOL A | C7: 4 | D7: 80 | E7: 24 | F7: 1 | G7: N/A | H7: =D7-E7 -> 56 | I7: =IF(D7>=70,"Met","Below") -> Met | J7: =IF(H7>=10,"HIGH GROWTH",IF(H7>=5,"MODERATE GROWTH",IF(H7>=0,"LOW GROWTH","DECLINE"))) -> HIGH GROWTH
A8: Student 6 | B8: SCHOOL B | C8: 4 | D8: 50 | E8: 32 | F8: 0.5 | G8: N/A | H8: =D8-E8 -> 18 | I8: =IF(D8>=70,"Met","Below") -> Below | J8: =IF(H8>=10,"HIGH GROWTH",IF(H8>=5,"MODERATE GROWTH",IF(H8>=0,"LOW GROWTH","DECLINE"))) -> HIGH GROWTH
A9: Student 7 | B9: SCHOOL A | C9: 4 | D9: 70 | E9: 78 | F9: 0.6 | G9: N/A | H9: =D9-E9 -> -8 | I9: =IF(D9>=70,"Met","Below") -> Met | J9: =IF(H9>=10,"HIGH GROWTH",IF(H9>=5,"MODERATE GROWTH",IF(H9>=0,"LOW GROWTH","DECLINE"))) -> DECLINE
A10: Student 8 | B10: SCHOOL B | C10: 4 | D10: 80 | E10: 95 | F10: 0.7 | G10: N/A | H10: =D10-E10 -> -15 | I10: =IF(D10>=70,"Met","Below") -> Met | J10: =IF(H10>=10,"HIGH GROWTH",IF(H10>=5,"MODERATE GROWTH",IF(H10>=0,"LOW GROWTH","DECLINE"))) -> DECLINE
A11: Student 9 | B11: SCHOOL A | C11: 4 | D11: 90 | E11: 100 | F11: 0.56 | G11: IEP | H11: =D11-E11 -> -10 | I11: =IF(D11>=70,"Met","Below") -> Met | J11: =IF(H11>=10,"HIGH GROWTH",IF(H11>=5,"MODERATE GROWTH",IF(H11>=0,"LOW GROWTH","DECLINE"))) -> DECLINE
A12: Student 10 | B12: SCHOOL B | C12: 4 | D12: 100 | E12: 65 | F12: 0.8 | G12: N/A | H12: =D12-E12 -> 35 | I12: =IF(D12>=70,"Met","Below") -> Met | J12: =IF(H12>=10,"HIGH GROWTH",IF(H12>=5,"MODERATE GROWTH",IF(H12>=0,"LOW GROWTH","DECLINE"))) -> HIGH GROWTH
A13: Student 11 | B13: SCHOOL A | C13: 4 | D13: 70 | E13: 100 | F13: 0.8 | G13: N/A | H13: =D13-E13 -> -30 | I13: =IF(D13>=70,"Met","Below") -> Met | J13: =IF(H13>=10,"HIGH GROWTH",IF(H13>=5,"MODERATE GROWTH",IF(H13>=0,"LOW GROWTH","DECLINE"))) -> DECLINE
A14: Student 12 | B14: SCHOOL B | C14: 4 | D14: 60 | E14: 67 | F14: 0.8 | G14: N/A | H14: =D14-E14 -> -7 | I14: =IF(D14>=70,"Met","Below") -> Below | J14: =IF(H14>=10,"HIGH GROWTH",IF(H14>=5,"MODERATE GROWTH",IF(H14>=0,"LOW GROWTH","DECLINE"))) -> DECLINE
... A52: Student 50 | B52: SCHOOL B | C52: 4 | D52: 75 | E52: 77 | F52: 0.2 | G52: N/A | H52: =D52-E52 -> -2 | I52: =IF(D52>=70,"Met","Below") -> Met | J52: =IF(H52>=10,"HIGH GROWTH",IF(H52>=5,"MODERATE GROWTH",IF(H52>=0,"LOW GROWTH","DECLINE"))) -> DECLINE
A53: Total Students:
A54: =COUNTA(A3:A52) -> 50
A55: Average September Score:
A56: =AVERAGE(D3:D52) -> 59.9
A57: Average August Score:
A58: =AVERAGE(E3:E52) -> 64.42
A59: Analysis:
A60: Average student performance decreased from 64.42 in August to 59.90 in September, a decline of 4.52 percentage points. School B declined by 5.20 points, compared with a 3.84-point decline at School A. The data does not show a strong relationship between attendance and score change, so additional variables should be examined before determining the cause of the decline.
A61: Recommendations: Review results by school, support type, and individual student. Examine instructional differences and assessment difficulty before concluding that attendance caused the performance decline. Further investigation should prioritize student attendace and instruction that directly uses questions from the exit tickets during the week to help amplify and boost student scores
A62: Data Privacy Statemet: This portfolio uses synthetic student data created for demonstration purposes. It does not contain information from actual students.

Sheet Summary
A1: School: | B1: Avg. August | C1: Avg. September | D1: Avg. Growth | G1: Student Attendance | H1: Student Attendance September
A2: School A | B2: =AVERAGEIF('Score Sheet'!$B$3:$B$52,$A2,'Score Sheet'!$E$3:$E$52) -> 65.6 | C2: =AVERAGEIF('Score Sheet'!$B$3:$B$52,$A2,'Score Sheet'!$D$3:$D$52) -> 61.76 | D2: =AVERAGEIF('Score Sheet'!$B$3:$B$52,$A2,'Score Sheet'!$H$3:$H$52) -> -3.84 | G2: School A | H2: =AVERAGEIF('Score Sheet'!$B$3:$B$52,$G2,'Score Sheet'!$F$3:$F$52) -> 0.724
A3: School B | B3: =AVERAGEIF('Score Sheet'!$B$3:$B$52,$A3,'Score Sheet'!$E$3:$E$52) -> 63.24 | C3: =AVERAGEIF('Score Sheet'!$B$3:$B$52,$A3,'Score Sheet'!$D$3:$D$52) -> 58.04 | D3: =AVERAGEIF('Score Sheet'!$B$3:$B$52,$A3,'Score Sheet'!$H$3:$H$52) -> -5.2 | G3: School B | H3: =AVERAGEIF('Score Sheet'!$B$3:$B$52,$G3,'Score Sheet'!$F$3:$F$52) -> 0.736
A18: Growth Category | B18: Students | G18: Benchmark Status | H18: Students:
A19: HIGH GROWTH | B19: =COUNTIF('Score Sheet'!$J$3:$J$52,A19) -> 17 | G19: MET | H19: =COUNTIF('Score Sheet'!$I$3:$I$52,G19) -> 22
A20: MODERATE GROWTH | B20: =COUNTIF('Score Sheet'!$J$3:$J$52,A20) -> 2 | G20: BELOW | H20: =COUNTIF('Score Sheet'!$I$3:$I$52,G20) -> 28
A21: LOW GROWTH | B21: =COUNTIF('Score Sheet'!$J$3:$J$52,A21) -> 4 | G21: TOTAL | H21: =SUM(H19:H20) -> 50
A22: DECLINE | B22: =COUNTIF('Score Sheet'!$J$3:$J$52,A22) -> 27
A23: TOTAL | B23: =SUM(B19:B22) -> 50
